{"Manna": [100.5345542, 13.7477023], "\u0e2e\u0e32\u0e23\u0e4c\u0e14\u0e23\u0e47\u0e2d\u0e04 \u0e04\u0e32\u0e40\u0e1f\u0e48 \u0e01\u0e23\u0e38\u0e07\u0e40\u0e17\u0e1e": [100.5318788, 13.7444202], "Outback Steakhouse": [100.5313636, 13.746997700000001], "Scala Shark's Fin": [100.5346032, 13.747212300000001], "The Grill Tokyo": [100.5346401, 13.7474182], "MK Gold": [100.5346988, 13.745947600000001], "Tony Roma's": [100.5347366, 13.7479106], "Ootoya Kitchen": [100.53494540000001, 13.7458667], "Belguardo": [100.5345741, 13.7470496], "Kabuki": [100.5343316, 13.7474468], "KFC": [100.5298039, 13.7444886], "McDonald's": [100.5276829, 13.7470618], "Fuji": [100.5297244, 13.744720200000001], "La'Espace d l'Oriental": [100.53491340000001, 13.746053100000001], "Starbucks Coffee": [100.53532000000001, 13.745916600000001], "Cafe Chilli": [100.5346696, 13.747801200000001], "Ootoya": [100.53415530000001, 13.7464823], "Coffee Beans by Dao": [100.53450330000001, 13.7466547], "Burger King": [100.52997620000001, 13.7437438], "Amici by Pomodoro": [100.5342992, 13.7472697], "Crystal Jade Golden Palace": [100.53488680000001, 13.7476789], "Vanilla Brasserie": [100.5342524, 13.747013200000001], "Aoi": [100.5344228, 13.7475825], "Whittard of Chelsea": [100.53449250000001, 13.7473687], "Taling pling": [100.534272, 13.7471204], "Four Seasons": [100.5345223, 13.746761000000001], "\u0e42\u0e04\u0e04\u0e32\u0e2a\u0e38\u0e01\u0e35\u0e49": [100.5353422, 13.7442772], "\u0e40\u0e2d\u0e41\u0e2d\u0e19\u0e14\u0e4c\u0e14\u0e31\u0e1a\u0e1a\u0e25\u0e34\u0e27": [100.5331321, 13.7443451], "\u0e40\u0e0a\u0e2a\u0e40\u0e15\u0e2d\u0e23\u0e4c\u0e01\u0e23\u0e34\u0e25\u0e25\u0e4c": [100.53295, 13.7446522], "Another Hound by Greyhound Caf\u00e9": [100.53419530000001, 13.7463522], "Thann Restaurant": [100.5346705, 13.747593400000001], "\u0e2d\u0e22\u0e39\u0e48\u0e1a\u0e49\u0e32\u0e19": [100.53232530000001, 13.7455137], "\u0e2a\u0e35\u0e1f\u0e49\u0e32": [100.533657, 13.7439701], "\u0e2a\u0e49\u0e21\u0e15\u0e33\u0e19\u0e31\u0e27 Som tam nua": [100.53429990000001, 13.7444506], "\u0e15\u0e49\u0e19\u0e42\u0e2d\u0e4a\u0e04": [100.5323347, 13.7455672], "\u0e19\u0e34\u0e27\u0e44\u0e25\u0e17\u0e4c": [100.53199140000001, 13.744256600000002], "\u0e42\u0e2d\u0e42\u0e15\u0e22\u0e30": [100.53205410000001, 13.744248200000001], "\u0e2a\u0e40\u0e27\u0e19\u0e40\u0e0b\u0e48\u0e19\u0e2a\u0e4c": [100.5322055, 13.7442419], "True Coffee": [100.5326308, 13.7446826], "\u0e23\u0e2a\u0e14\u0e35\u0e40\u0e14\u0e47\u0e14": [100.5310432, 13.7444234], "marinaHK": [100.53178510000001, 13.7458667], "Noodle House": [100.5321502, 13.7451205], "Ramen": [100.5319346, 13.744999000000002], "\u0e01\u0e34\u0e40\u0e25\u0e19": [100.5319489, 13.745103100000001], "\u0e02\u0e49\u0e32\u0e27\u0e22\u0e33\u0e15\u0e33\u0e40\u0e15\u0e35\u0e4b\u0e22\u0e27": [100.5319575, 13.745144000000002], "\u0e04\u0e23\u0e31\u0e27\u0e2a\u0e32\u0e17\u0e23": [100.5320932, 13.744810000000001], "\u0e1a\u0e32\u0e07\u0e01\u0e2d\u0e01\u0e2b\u0e39\u0e09\u0e25\u0e32\u0e21": [100.53174220000001, 13.745642], "\u0e2b\u0e39\u0e09\u0e25\u0e32\u0e21\u0e1b\u0e35\u0e19\u0e31\u0e07": [100.53175, 13.745697300000002], "\u0e2b\u0e39\u0e09\u0e25\u0e32\u0e21\u0e2a\u0e01\u0e32\u0e25\u0e32": [100.5317641, 13.745755200000001], "\u0e40\u0e0a\u0e49\u0e32\u0e22\u0e31\u0e19\u0e40\u0e22\u0e47\u0e19": [100.5314713, 13.745336700000001], "\u0e40\u0e14\u0e2d\u0e30\u0e04\u0e23\u0e01": [100.5319693, 13.7452024], "To Sit": [100.5327005, 13.744779000000001], "Doo Dee Siam": [100.5321691, 13.745227700000001], "Sasa Cuisine": [100.52718, 13.741458000000002], "Water Library": [100.5304722, 13.732929], "Bar @ Siam Square": [100.53487390000001, 13.7448048], "The Roof": [100.52693500000001, 13.7475173], "Vegie House": [100.52670690000001, 13.733929700000001], "\u0e2a\u0e15\u0e32\u0e23\u0e4c\u0e1a\u0e31\u0e04\u0e2a\u0e4c": [100.534524, 13.746973500000001], "Da Mamma": [100.5295497, 13.7474591], "Reno Cafe": [100.52949960000001, 13.747200300000001], "Black Canyon Coffee": [100.5297941, 13.744550700000001], "CoCo Ichibanya": [100.5298473, 13.7448817], "MK Restaurants": [100.52975260000001, 13.744870400000002], "Swensen's": [100.52975690000001, 13.744662300000002], "The Pizza Company": [100.53014440000001, 13.7457106], "Viet Cuisine": [100.52985450000001, 13.7445868], "Ban Khun Mae": [100.5341573, 13.7441598], "Tom N Toms Coffee": [100.5308648, 13.7442246], "Zonta": [100.5311259, 13.7441159], "S&P": [100.5315769, 13.744284500000001], "Fruiturday": [100.53166540000001, 13.744636300000002], "Yellow Dellow": [100.5313059, 13.7447175], "Korean Dessert Cafe": [100.5315575, 13.744658000000001], "Mr. Cup T": [100.5314015, 13.744704100000002], "Dakasi": [100.5312196, 13.7447292], "True coffee": [100.5337499, 13.739363800000001], "Mango Tango": [100.5327797, 13.7453149], "Soi 6 Pachana": [100.52606580000001, 13.7345109], "Gallery Drip Coffee": [100.53031940000001, 13.746615700000001], "Thompson Restaurant": [100.528479, 13.7493096], "\u0e25\u0e34\u0e49\u0e21\u0e40\u0e2b\u0e25\u0e48\u0e32\u0e42\u0e2b\u0e07\u0e27 \u0e1a\u0e34\u0e2a\u0e42\u0e17\u0e23": [100.5338574, 13.744804700000001], "Muangphol Mansion": [100.529437, 13.7467629], "Pisces - Bar & Restaurant": [100.52955370000001, 13.747761200000001], "Little Zoo": [100.53183840000001, 13.744286800000001], "Japanese food": [100.53399730000001, 13.7444451], "true house": [100.5320416, 13.745823300000001], "\u0e02\u0e49\u0e32\u0e27\u0e2b\u0e21\u0e39\u0e41\u0e14\u0e07\u0e2a\u0e32\u0e21\u0e22\u0e48\u0e32\u0e19": [100.5264159, 13.7343375], "B.Duck Cafe": [100.53339480000001, 13.745484900000001], "Kiss the Tiramisu": [100.5328329, 13.745530400000002], "Thirsty you cafe": [100.52971190000001, 13.7491169], "Hotel Mercure Bangkok Siam": [100.5288795, 13.7469847]}
